id,name,price,link
1,"Abercrombie & Fitch - Away Man - M, 100 мл, edt tester",42,https://avatars.mds.yandex.net/get-mpic/1924580/img_id4534308669687204796.jpeg/600x600
1,fkkfkf,123,htttljkj
6,A. Banderas King Of Seduction Absolute Man edt 100ml,1700,
7,A. Banderas King Of Seduction Man edt 100ml,1950,
8,A. Banderas Queen Of Seduction Lively Muse Women edt  50ml,1440,
9,A. Banderas Queen Of Seduction Lively Muse Women edt  80ml,2200,
10,A. Banderas Seduction in Black  men edt 100ml,1690,
11,A. Banderas The  Secret M edt 100ml,1785,
12,A. Banderas The  Secret Temptation  M edt 100ml,1580,
13,A. Banderas The Icon M edt  50ml,1600,
14,A. Banderas The Icon M edt 100ml,1950,
15,A. Banderas The Icon Perfume  M edp  50ml,2200,
16,A. Banderas The Icon Perfume  M edp 100ml,2850,
17,Abercrombie & Fitch First Instinct Blue M edt  30ml,2000,
6,A. Banderas King Of Seduction Absolute Man edt 100ml,1700,
7,A. Banderas King Of Seduction Man edt 100ml,1950,
8,A. Banderas Queen Of Seduction Lively Muse Women edt  50ml,1440,
6,A. Banderas King Of Seduction Absolute Man edt 100ml,1700,
7,A. Banderas King Of Seduction Man edt 100ml,1950,
8,A. Banderas Queen Of Seduction Lively Muse Women edt  50ml,1440,
6,A. Banderas King Of Seduction Absolute Man edt 100ml,1700,
6,A. Banderas King Of Seduction Absolute Man edt 100ml,1700,
7,A. Banderas King Of Seduction Man edt 100ml,1950,
6,A. Banderas King Of Seduction Absolute Man edt 100ml,1700,тут картинки загружаются
7,A. Banderas King Of Seduction Man edt 100ml,1950,тут картинки загружаются
8,A. Banderas Queen Of Seduction Lively Muse Women edt  50ml,1440,тут картинки загружаются
6,A. Banderas King Of Seduction Absolute Man edt 100ml,1700,1
7,A. Banderas King Of Seduction Man edt 100ml,1950,1
8,A. Banderas Queen Of Seduction Lively Muse Women edt  50ml,1440,1
9,A. Banderas Queen Of Seduction Lively Muse Women edt  80ml,2200,1
10,A. Banderas Seduction in Black  men edt 100ml,1690,1
6,A. Banderas King Of Seduction Absolute Man edt 100ml,1700,https://avatars.mds.yandex.net/get-mpic/5332179/img_id4893337671608347371.jpeg/600x600
6,A. Banderas King Of Seduction Absolute Man edt 100ml,1700,https://avatars.mds.yandex.net/get-mpic/5332179/img_id4893337671608347371.jpeg/600x600
7,A. Banderas King Of Seduction Man edt 100ml,1950,https://avatars.mds.yandex.net/get-mpic/3925628/img_id7386570610164057015.jpeg/600x600
8,A. Banderas Queen Of Seduction Lively Muse Women edt  50ml,1440,https://avatars.mds.yandex.net/get-mpic/4410238/img_id6637213872606297904.jpeg/600x600
8,A. Banderas Queen Of Seduction Lively Muse Women edt  50ml,1440,https://avatars.mds.yandex.net/get-mpic/4410238/img_id6637213872606297904.jpeg/600x600
